<package>
	<id>com.hacki.legizmojupiter3_2</id>
	<name>Legizmo Jupiter 3.2</name>
	<version>3.2.0</version>
	<compatibility>
		<firmware>
			<miniOS>13.0</miniOS>
			<otherVersions>unsupported</otherVersions>
			<!--
			for otherVersions, you can put either unsupported or unconfirmed
			-->
		</firmware>
	</compatibility>
	<dependencies></dependencies>
	<descriptionlist>
		<description>This Legizmo version requires iOS 13 and above, for older try Legizmo "Grace"</description>
	</descriptionlist>
	<screenshots></screenshots>
	<changelog>
		<change>Initial release</change>
	</changelog>
	<links></links>
</package>