<package>
	<id>com.hacki.LegizmoInternal21DA222330i</id>
	<name>Legizmo Internal OLD</name>
	<version>2.0.0-1</version>
	<compatibility>
		<firmware>
			<miniOS>12.0</miniOS>
		</firmware>
	</compatibility>
	<dependencies>
		<package>mobilesubstrate</package>
	</dependencies>
	<shortDescription>This is a OLD Legizmo Release, use whyever you want</shortDescription>
	<changelog>
		<change>Initial Release</change>
	</changelog>
	<links>
		<link>
			<name>/r/jailbreak</name>
			<url>https://www.reddit.com/r/jailbreak</url>
			<iconclass>fa fa-reddit</iconclass>
		</link>
	</links>
</package>