<package>
	<id>com.hacki.darkiereload</id>
	<name>Darkie Reloaded Theme</name>
	<version>1.0.0</version>
	<compatibility>
		<firmware>
			<miniOS>7.0</miniOS>
			<otherVersions>unsupported</otherVersions>
			<!--
			for otherVersions, you can put either unsupported or unconfirmed
			-->
		</firmware>
	</compatibility>
	<dependencies></dependencies>
	<descriptionlist>
		<description>This is the Ultimate Dark Mode Theme.</description>
	</descriptionlist>
	<screenshots></screenshots>
	<changelog>
		<change>Initial release</change>
	</changelog>
	<links></links>
</package>